Workbook

Sheet Sessions
A1: Date | B1: Lieu/Casino | C1: Jeu | D1: Roue (EU/US) | E1: Strategie/Tag | F1: Base unit (€) | G1: Buy-in (€) | H1: Cash-out (€) | I1: Duree (min) | J1: Notes | K1: Stop (type) | L1: Stop (valeur) | M1: P&L (€) | N1: ROI | O1: € / h | P1: Cumul P&L | Q1: Peak cumul | R1: Drawdown
M2: =H2-G2 | N2: =IF(G2=0,"",M2/G2) | O2: =IF(I2=0,"",M2/(I2/60)) | P2: =IF(A2="","",SUM($M$2:M2)) | Q2: =IF(P2="","",MAX($P$2:P2)) | R2: =IF(P2="","",P2-Q2)
M3: =H3-G3 | N3: =IF(G3=0,"",M3/G3) | O3: =IF(I3=0,"",M3/(I3/60)) | P3: =IF(A3="","",SUM($M$2:M3)) | Q3: =IF(P3="","",MAX($P$2:P3)) | R3: =IF(P3="","",P3-Q3)
M4: =H4-G4 | N4: =IF(G4=0,"",M4/G4) | O4: =IF(I4=0,"",M4/(I4/60)) | P4: =IF(A4="","",SUM($M$2:M4)) | Q4: =IF(P4="","",MAX($P$2:P4)) | R4: =IF(P4="","",P4-Q4)
M5: =H5-G5 | N5: =IF(G5=0,"",M5/G5) | O5: =IF(I5=0,"",M5/(I5/60)) | P5: =IF(A5="","",SUM($M$2:M5)) | Q5: =IF(P5="","",MAX($P$2:P5)) | R5: =IF(P5="","",P5-Q5)
M6: =H6-G6 | N6: =IF(G6=0,"",M6/G6) | O6: =IF(I6=0,"",M6/(I6/60)) | P6: =IF(A6="","",SUM($M$2:M6)) | Q6: =IF(P6="","",MAX($P$2:P6)) | R6: =IF(P6="","",P6-Q6)
M7: =H7-G7 | N7: =IF(G7=0,"",M7/G7) | O7: =IF(I7=0,"",M7/(I7/60)) | P7: =IF(A7="","",SUM($M$2:M7)) | Q7: =IF(P7="","",MAX($P$2:P7)) | R7: =IF(P7="","",P7-Q7)
M8: =H8-G8 | N8: =IF(G8=0,"",M8/G8) | O8: =IF(I8=0,"",M8/(I8/60)) | P8: =IF(A8="","",SUM($M$2:M8)) | Q8: =IF(P8="","",MAX($P$2:P8)) | R8: =IF(P8="","",P8-Q8)
M9: =H9-G9 | N9: =IF(G9=0,"",M9/G9) | O9: =IF(I9=0,"",M9/(I9/60)) | P9: =IF(A9="","",SUM($M$2:M9)) | Q9: =IF(P9="","",MAX($P$2:P9)) | R9: =IF(P9="","",P9-Q9)
M10: =H10-G10 | N10: =IF(G10=0,"",M10/G10) | O10: =IF(I10=0,"",M10/(I10/60)) | P10: =IF(A10="","",SUM($M$2:M10)) | Q10: =IF(P10="","",MAX($P$2:P10)) | R10: =IF(P10="","",P10-Q10)
M11: =H11-G11 | N11: =IF(G11=0,"",M11/G11) | O11: =IF(I11=0,"",M11/(I11/60)) | P11: =IF(A11="","",SUM($M$2:M11)) | Q11: =IF(P11="","",MAX($P$2:P11)) | R11: =IF(P11="","",P11-Q11)
M12: =H12-G12 | N12: =IF(G12=0,"",M12/G12) | O12: =IF(I12=0,"",M12/(I12/60)) | P12: =IF(A12="","",SUM($M$2:M12)) | Q12: =IF(P12="","",MAX($P$2:P12)) | R12: =IF(P12="","",P12-Q12)
M13: =H13-G13 | N13: =IF(G13=0,"",M13/G13) | O13: =IF(I13=0,"",M13/(I13/60)) | P13: =IF(A13="","",SUM($M$2:M13)) | Q13: =IF(P13="","",MAX($P$2:P13)) | R13: =IF(P13="","",P13-Q13)
... M301: =H301-G301 | N301: =IF(G301=0,"",M301/G301) | O301: =IF(I301=0,"",M301/(I301/60)) | P301: =IF(A301="","",SUM($M$2:M301)) | Q301: =IF(P301="","",MAX($P$2:P301)) | R301: =IF(P301="","",P301-Q301)

Sheet Stats
A1: Metric | B1: Valeur
A2: Sessions (nb) | B2: =COUNTIF(Sessions!A2:A301,"<>")
A3: Total Buy-in (€) | B3: =SUM(Sessions!G2:G301)
A4: Total Cash-out (€) | B4: =SUM(Sessions!H2:H301)
A5: P&L total (€) | B5: =SUM(Sessions!M2:M301)
A6: ROI global | B6: =IF(SUM(Sessions!G2:G301)=0,"",SUM(Sessions!M2:M301)/SUM(Sessions!G2:G301))
A7: Duree totale (h) | B7: =SUM(Sessions!I2:I301)/60
A8: P&L / heure (€) | B8: =IF(SUM(Sessions!I2:I301)=0,"",SUM(Sessions!M2:M301)/(SUM(Sessions!I2:I301)/60))
A9: Max drawdown (€) | B9: =MIN(Sessions!R2:R301)
A10: Meilleur P&L (session) | B10: =MAX(Sessions!M2:M301)
A11: Pire P&L (session) | B11: =MIN(Sessions!M2:M301)
